{"cameraMode":{"drawMode":0,"name":"Shaded","section":"Shading Mode"},"sceneLighting":false,"audioPlay":false,"sceneViewState":{"showFog":true,"showMaterialUpdate":false,"showSkybox":true,"showFlares":true,"showImageEffects":true,"showParticleSystems":true},"in2DMode":false,"pivot":{"x":5.184000015258789,"y":1.7009999752044678,"z":5.074999809265137},"rotation":{"x":0.0026698606088757517,"y":0.12328195571899414,"z":0.0003314982168376446,"w":-0.9923686981201172},"size":1.2744184732437134,"orthographic":false}