{"cameraMode":{"drawMode":0,"name":"Shaded","section":"Shading Mode"},"sceneLighting":false,"audioPlay":false,"sceneViewState":{"showFog":true,"showMaterialUpdate":false,"showSkybox":true,"showFlares":true,"showImageEffects":true,"showParticleSystems":true},"in2DMode":false,"pivot":{"x":5.429599761962891,"y":1.5623140335083008,"z":5.070929527282715},"rotation":{"x":0.03833956643939018,"y":-0.13241323828697205,"z":-0.005125863943248987,"w":-0.9904400706291199},"size":5.426410675048828,"orthographic":false}