{"cameraMode":{"drawMode":0,"name":"Shaded","section":"Shading Mode"},"sceneLighting":false,"audioPlay":false,"sceneViewState":{"showFog":true,"showMaterialUpdate":false,"showSkybox":true,"showFlares":true,"showImageEffects":true,"showParticleSystems":true},"in2DMode":false,"pivot":{"x":5.408773422241211,"y":1.8704851865768433,"z":4.9257988929748539},"rotation":{"x":-0.058119069784879687,"y":-0.10909716784954071,"z":-0.0063689895905554298,"w":0.9923244714736939},"size":1.925619125366211,"orthographic":true}