{"cameraMode":{"drawMode":0,"name":"Shaded","section":"Shading Mode"},"sceneLighting":false,"audioPlay":false,"sceneViewState":{"showFog":true,"showMaterialUpdate":false,"showSkybox":true,"showFlares":true,"showImageEffects":true,"showParticleSystems":true},"in2DMode":false,"pivot":{"x":4.026647567749023,"y":1.7317039966583253,"z":5.015605926513672},"rotation":{"x":-0.029992127791047097,"y":0.014992731623351574,"z":0.0004499104688875377,"w":0.9994379281997681},"size":0.6663187742233276,"orthographic":false}