{"cameraMode":{"drawMode":0,"name":"Shaded","section":"Shading Mode"},"sceneLighting":true,"audioPlay":false,"sceneViewState":{"showFog":true,"showMaterialUpdate":false,"showSkybox":true,"showFlares":true,"showImageEffects":true,"showParticleSystems":true},"in2DMode":false,"pivot":{"x":2.827504873275757,"y":1.7678210735321046,"z":3.341057062149048},"rotation":{"x":-0.02069222927093506,"y":0.1701303869485855,"z":0.003573280991986394,"w":0.9851979613304138},"size":1.6648163795471192,"orthographic":true}