{"cameraMode":{"drawMode":0,"name":"Shaded","section":"Shading Mode"},"sceneLighting":false,"audioPlay":false,"sceneViewState":{"showFog":true,"showMaterialUpdate":false,"showSkybox":true,"showFlares":true,"showImageEffects":true,"showParticleSystems":true},"in2DMode":false,"pivot":{"x":5.333592891693115,"y":1.9044978618621827,"z":4.372100830078125},"rotation":{"x":-0.05535075068473816,"y":-0.06585036963224411,"z":-0.0036585137713700535,"w":0.996286928653717},"size":0.5844045877456665,"orthographic":false}