{"cameraMode":{"drawMode":0,"name":"Shaded","section":"Shading Mode"},"sceneLighting":true,"audioPlay":false,"sceneViewState":{"showFog":true,"showMaterialUpdate":false,"showSkybox":true,"showFlares":true,"showImageEffects":true,"showParticleSystems":true},"in2DMode":false,"pivot":{"x":7.472700595855713,"y":0.7760928273200989,"z":22.238292694091798},"rotation":{"x":0.0011469086166471243,"y":0.9984472990036011,"z":0.022468864917755128,"w":-0.050965018570423129},"size":0.13965871930122376,"orthographic":true}