{"cameraMode":{"drawMode":0,"name":"Shaded","section":"Shading Mode"},"sceneLighting":false,"audioPlay":false,"sceneViewState":{"showFog":true,"showMaterialUpdate":false,"showSkybox":true,"showFlares":true,"showImageEffects":true,"showParticleSystems":true},"in2DMode":false,"pivot":{"x":5.206666469573975,"y":1.9305598735809327,"z":4.3366475105285648},"rotation":{"x":-0.07666204869747162,"y":-0.17848514020442964,"z":-0.013950209133327008,"w":0.9808531999588013},"size":0.5844045877456665,"orthographic":false}