{"cameraMode":{"drawMode":0,"name":"Shaded","section":"Shading Mode"},"sceneLighting":false,"audioPlay":false,"sceneViewState":{"showFog":true,"showMaterialUpdate":false,"showSkybox":true,"showFlares":true,"showImageEffects":true,"showParticleSystems":true},"in2DMode":false,"pivot":{"x":4.480999946594238,"y":1.7050000429153443,"z":81.89199829101563},"rotation":{"x":0.03569626435637474,"y":0.0021069850772619249,"z":-0.00007588122389279306,"w":0.9993605017662048},"size":253.52430725097657,"orthographic":false}