{"cameraMode":{"drawMode":0,"name":"Shaded","section":"Shading Mode"},"sceneLighting":false,"audioPlay":false,"sceneViewState":{"showFog":true,"showMaterialUpdate":false,"showSkybox":true,"showFlares":true,"showImageEffects":true,"showParticleSystems":true},"in2DMode":false,"pivot":{"x":6.8424859046936039,"y":1.3981612920761109,"z":2.973313570022583},"rotation":{"x":0.012859529815614224,"y":0.08897654712200165,"z":-0.001149459509178996,"w":0.9959500432014465},"size":26.870033264160158,"orthographic":false}