{"cameraMode":{"drawMode":0,"name":"Shaded","section":"Shading Mode"},"sceneLighting":false,"audioPlay":false,"sceneViewState":{"showFog":true,"showMaterialUpdate":false,"showSkybox":true,"showFlares":true,"showImageEffects":true,"showParticleSystems":true},"in2DMode":false,"pivot":{"x":-6.0,"y":0.05000000074505806,"z":5.820766091346741e-11},"rotation":{"x":-0.018059518188238145,"y":0.5093882083892822,"z":0.010693283751606942,"w":0.8602809309959412},"size":0.6006187200546265,"orthographic":false}