{"cameraMode":{"drawMode":0,"name":"Shaded","section":"Shading Mode"},"sceneLighting":false,"audioPlay":false,"sceneViewState":{"showFog":true,"showMaterialUpdate":false,"showSkybox":true,"showFlares":true,"showImageEffects":true,"showParticleSystems":true},"in2DMode":false,"pivot":{"x":2.8543694019317629,"y":-1.4368553161621094,"z":22.012935638427736},"rotation":{"x":0.08606553077697754,"y":-0.07405468076467514,"z":0.006414488889276981,"w":0.993512749671936},"size":21.584911346435548,"orthographic":false}