{"cameraMode":{"drawMode":0,"name":"Shaded","section":"Shading Mode"},"sceneLighting":false,"audioPlay":false,"sceneViewState":{"showFog":true,"showMaterialUpdate":false,"showSkybox":true,"showFlares":true,"showImageEffects":true,"showParticleSystems":true},"in2DMode":false,"pivot":{"x":4.586919784545898,"y":1.645033597946167,"z":5.001972198486328},"rotation":{"x":-0.05853704363107681,"y":0.2566969096660614,"z":-0.015577156096696854,"w":-0.9645918607711792},"size":1.5338780879974366,"orthographic":false}