{"cameraMode":{"drawMode":0,"name":"Shaded","section":"Shading Mode"},"sceneLighting":false,"audioPlay":false,"sceneViewState":{"showFog":true,"showMaterialUpdate":false,"showSkybox":true,"showFlares":true,"showImageEffects":true,"showParticleSystems":true},"in2DMode":false,"pivot":{"x":5.148094177246094,"y":1.873570203781128,"z":7.907830238342285},"rotation":{"x":-0.03178916126489639,"y":-0.009886574000120163,"z":-0.00031507242238149047,"w":0.9994456768035889},"size":6.042272090911865,"orthographic":false}